<meta>
    <info type="gamemode" name="Tactics" author="Lex128" edf:definition="edf/tactics.edf" />
    <min_mta_version server="1.5.5-9.14060" client="1.5.5-9.14060"></min_mta_version>
    
    <config src="language/languages.xml" type="client" />
    <config src="language/arabic.lng" type="client" />
    <config src="language/czech.lng" type="client" />
    <config src="language/english.lng" type="client" />
    <config src="language/german.lng" type="client" />
    <config src="language/lithuanian.lng" type="client" />
    <config src="language/polish.lng" type="client" />
    <config src="language/russian.lng" type="client" />
    <config src="language/serbian.lng" type="client" />
    <config src="language/spanish.lng" type="client" />
    <config src="language/ukraine.lng" type="client" />
    
    <script src="tactics.luac" />
    <script src="tactics_client.luac" type="client" protected="0" />
    <script src="bone_attaches.lua" />
    <script src="bone_attaches.lua" type="client" />
    
    <script src="addons.lua" type="server" cache="false" />
    
    <script src="modes/lobby.lua" />
    <script src="modes/lobby_client.lua" type="client" />
    <script src="modes/arena.lua" />
    <script src="modes/arena_client.lua" type="client" />
    <script src="modes/bang.lua" />
    <script src="modes/bang_client.lua" type="client" />
    <script src="modes/base.lua" />
    <script src="modes/base_client.lua" type="client" />
    <script src="modes/bomb.lua" />
    <script src="modes/bomb_client.lua" type="client" />
    <script src="modes/ctf.lua" />
    <script src="modes/ctf_client.lua" type="client" />
    <script src="modes/derby.lua" />
    <script src="modes/derby_client.lua" type="client" />
    <script src="modes/dm.lua" />
    <script src="modes/dm_client.lua" type="client" />
    <script src="modes/fly.lua" />
    <script src="modes/fly_client.lua" type="client" />
    <script src="modes/hostage.lua" />
    <script src="modes/hostage_client.lua" type="client" />
    <script src="modes/race.lua" />
    <script src="modes/race_client.lua" type="client" />
    <script src="modes/zombie.lua" />
    <script src="modes/zombie_client.lua" type="client" />
    <script src="modes/vip.lua" />
    <script src="modes/vip_client.lua" type="client" />
    
    <export function="getRoundMapInfo" type="server" />
    <export function="getRoundMapInfo" type="client" />
    <export function="getUnreadyPlayers" type="server" />
    <export function="getUnreadyPlayers" type="client" />
    <export function="isRoundStarted" type="server" />
    <export function="isRoundStarted" type="client" />
    <export function="isRoundPaused" type="server" />
    <export function="isRoundPaused" type="client" />
    <export function="getTacticsData" type="server" />
    <export function="getTacticsData" type="client" />
    <export function="getAllTacticsData" type="server" />
    <export function="getAllTacticsData" type="client" />
    <export function="setTacticsData" type="server" />
    <export function="setTacticsData" type="client" />
    <export function="getPlayerProperty" type="server" />
    <export function="getPlayerProperty" type="client" />
    <export function="setPlayerProperty" type="server" />
    <export function="setPlayerProperty" type="client" />
    <export function="setPlayerSpectating" type="server" />
    <export function="setPlayerSpectating" type="client" />
    <export function="setCameraPrepair" type="server" />
    <export function="setCameraPrepair" type="client" />
    <export function="stopCameraPrepair" type="server" />
    <export function="stopCameraPrepair" type="client" />
    <export function="addUserPanelPage" type="client" />
    <export function="getPlayerGameStatus" type="server" />
    <export function="getPlayerGameStatus" type="client" />
    <export function="getPlayerLanguage" type="client" />
    <export function="setPlayerLanguage" type="client" />
    <export function="getRestoreCount" type="server" />
    <export function="getRestoreData" type="server" />
    <export function="getCameraSpectateTarget" type="client" />
    <export function="getCameraSpectateMode" type="client" />
    <export function="isShowRoundHudComponent" type="client" />
    <export function="setRoundHudComponent" type="client" />
    <export function="showRoundHudComponent" type="client" />
    <export function="getRoundMapRoot" type="server" />
    <export function="getRoundMapRoot" type="client" />
    <export function="getRoundMapDynamicRoot" type="server" />
    <export function="getRoundMapDynamicRoot" type="client" />
    <export function="createRadarPolyline" type="client" />
    <export function="createVoting" type="server" />
    <export function="stopVoting" type="server" />
    <export function="getVotingInfo" type="server" />
    <export function="getLanguageString" type="client" />
    <export function="getElementStat" type="server" />
    <export function="setElementStat" type="server" />
    <export function="giveElementStat" type="server" />
    <export function="addServerTeam" type="server" />
    <export function="removeServerTeam" type="server" />
    
    <!--	<file src="images/afk.png" />
	<file src="images/chat.png" />
	<file src="images/finish.png" />
	<file src="images/screen.png" />
	<file src="images/theme.png" />
	<file src="images/voice.png" /> -->
    <file src="images/aim_lockon.png" />
    <file src="images/aim_lockon2.png" />
    <file src="images/aim_m4.png" />
    <file src="images/aim_rocket.png" />
    <file src="images/aim_sniper.png" />
    <file src="images/background.png" />
    <file src="images/car.png" />
    <file src="images/color_aim.png" />
    <file src="images/color_aim2.png" />
    <file src="images/color_hue.png" />
    <file src="images/color_light.png" />
    <file src="images/color_pixel.png" />
    <file src="images/combobox.png" />
    <file src="images/count_1.png" />
    <file src="images/count_2.png" />
    <file src="images/count_3.png" />
    <file src="images/count_go.png" />
    <file src="images/factor_3.png" />
    <file src="images/factor_6.png" />
    <file src="images/factor_12.png" />
    <file src="images/factor_25.png" />
    <file src="images/factor_50.png" />
    <file src="images/factor_100.png" />
    <file src="images/flag.png" />
    <file src="images/flammable.png" />
    <file src="images/frag.png" />
    <file src="images/freezable.png" />
    <file src="images/health.png" />
    <file src="images/invisible.png" />
    <file src="images/invulnerable.png" />
    <file src="images/key_arrow_l.png" />
    <file src="images/key_arrow_r.png" />
    <file src="images/loading.png" />
    <file src="images/numericdown.png" />
    <file src="images/numericup.png" />
    <file src="images/player.png" />
    <file src="images/question.png" />
    <file src="images/regenerable.png" />
    <file src="images/save.png" />
    <file src="images/score.png" />
    <file src="images/search.png" />
    <file src="images/sky_birds.png" />
    <file src="images/sky_clouds.png" />
    <file src="images/sky_gradient.png" />
    <file src="images/speeddown.png" />
    <file src="images/speedup.png" />
    <file src="images/sphere.png" />
    <file src="images/timer.png" />
    <file src="images/wind_radar.png" />
    <file src="images/hud/ak47.png" />
    <file src="images/hud/bat.png" />
    <file src="images/hud/brassknuckle.png" />
    <file src="images/hud/camera.png" />
    <file src="images/hud/cane.png" />
    <file src="images/hud/colt45.png" />
    <file src="images/hud/deagle.png" />
    <file src="images/hud/detonator.png" />
    <file src="images/hud/dildo1.png" />
    <file src="images/hud/dildo2.png" />
    <file src="images/hud/fireextinguisher.png" />
    <file src="images/hud/fist.png" />
    <file src="images/hud/flame.png" />
    <file src="images/hud/flower.png" />
    <file src="images/hud/golfclub.png" />
    <file src="images/hud/grenade.png" />
    <file src="images/hud/heatseek.png" />
    <file src="images/hud/infrared.png" />
    <file src="images/hud/katana.png" />
    <file src="images/hud/knife.png" />
    <file src="images/hud/m4.png" />
    <file src="images/hud/minigun.png" />
    <file src="images/hud/molotov.png" />
    <file src="images/hud/mp5.png" />
    <file src="images/hud/nightstick.png" />
    <file src="images/hud/nightvision.png" />
    <file src="images/hud/parachute.png" />
    <file src="images/hud/poolstick.png" />
    <file src="images/hud/rifle.png" />
    <file src="images/hud/rpg.png" />
    <file src="images/hud/satchel.png" />
    <file src="images/hud/saw.png" />
    <file src="images/hud/sawnoff.png" />
    <file src="images/hud/shotgun.png" />
    <file src="images/hud/shovel.png" />
    <file src="images/hud/silenced.png" />
    <file src="images/hud/sniper.png" />
    <file src="images/hud/spas12.png" />
    <file src="images/hud/spraycan.png" />
    <file src="images/hud/teargas.png" />
    <file src="images/hud/tec9.png" />
    <file src="images/hud/uzi.png" />
    <file src="images/hud/vibe1.png" />
    <file src="images/hud/vibe2.png" />
    
    <file src="audio/bomb_planted.mp3" />
    <file src="audio/bomb_tick.mp3" />
    <file src="audio/count_1.mp3" />
    <file src="audio/count_2.mp3" />
    <file src="audio/count_3.mp3" />
    <file src="audio/count_go.mp3" />
    <file src="audio/enemy_capture_flag.mp3" />
    <file src="audio/enemy_flag_returned.mp3" />
    <file src="audio/enemy_flag_stolen.mp3" />
    <file src="audio/hostage_rescued.mp3" />
    <file src="audio/last_five_minutes.mp3" />
    <file src="audio/last_minute.mp3" />
    <file src="audio/music_gta3.mp3" />
    <file src="audio/music_gtasa.mp3" />
    <file src="audio/parachute_open.mp3" />
    <file src="audio/scream.mp3" />
    <file src="audio/times_up.mp3" />
    <file src="audio/toasted.mp3" />
    <file src="audio/wasted.mp3" />
    <file src="audio/weapon_hit.mp3" />
    <file src="audio/you_capture_leadership.mp3" />
    <file src="audio/you_caught_leader.mp3" />
    <file src="audio/you_lost_leadership.mp3" />
    <file src="audio/your_capture_flag.mp3" />
    <file src="audio/your_flag_returned.mp3" />
    <file src="audio/your_flag_stolen.mp3" />
    
    <file src="models/bomb.txd" />
    <file src="models/dynamite.dff" />
    <file src="models/dynamite.txd" />
    <file src="models/nitro.dff" />
    <file src="models/nitro.txd" />
    <file src="models/repair.dff" />
    <file src="models/repair.txd" />
    <file src="models/vehiclechange.dff" />
    <file src="models/vehiclechange.txd" />
    <!--<file src="models/vehicleweapon.dff" />
	<file src="models/vehicleweapon.txd" />-->
    <file src="models/zombie.txd" />
    
    <file src="verdana.ttf" />
    
    <file src="edf/anti_rush_point.png" />
    <file src="edf/bomb_place.png" />
    <file src="edf/central_marker.png" />
    <file src="edf/flag1.png" />
    <file src="edf/flag2.png" />
    <file src="edf/hostage.png" />
    <file src="edf/racepickup.png" />
    <file src="edf/rescue_vehicle.png" />
    <file src="edf/rescue_vip.png" />
    <file src="edf/spawnpoint.png" />
    <file src="edf/team1.png" />
    <file src="edf/team2.png" />
    
    <aclrequest>
        <right name="function.restartResource" access="true" />
        <right name="function.startResource" access="true" />
        <right name="function.stopResource" access="true" />
        <right name="general.ModifyOtherObjects" access="true" />
        <right name="function.callRemote" access="true" />
        <right name="function.getClientIP" access="true" />
        <right name="function.kickPlayer" access="true" />
        <right name="function.redirectPlayer" access="true" />
    </aclrequest>
</meta>
