<config>
    <teams>
        <referee name="Referee" color="[255,255,255]"></referee>
        <team name="Team1" skins="[292]" color="[192,96,0]" side="1"></team>
        <team name="Team2" skins="[308]" color="[0,96,192]" side="2"></team>
    </teams>
    <weaponpack slots="3">
        <weapons silenced="102" deagle="49" shotgun="80" spas12="49" mp5="210" ak47="300" m4="200" rifle="100" sniper="50" grenade="1" teargas="1" molotov="1" knife="1"></weapons>
        <balance></balance>
        <cost></cost>
        <slot></slot>
    </weaponpack>
    <shooting>
        <properties weapon="22" maximum_clip_ammo="17" flags="3303"></properties>
        <properties weapon="26" maximum_clip_ammo="2" flags="3303"></properties>
        <properties weapon="28" maximum_clip_ammo="50" flags="3303"></properties>
        <properties weapon="30" damage="12"></properties>
        <properties weapon="32" maximum_clip_ammo="50" flags="3303"></properties>
        <properties weapon="33" flags="830A"></properties>
    </shooting>
    <handlings></handlings>
    <settings>
        <settings autobalance="false" autoswap="true" blurlevel="0" countdown_auto="true" countdown_force="0:10" countdown_start="3" dontfire="false" friendly_fire="false" gamespeed="1.0" ghostmode="none|none,team,all" gravity="0.008" heli_killing="true" player_can_driveby="true" player_dead_visible="true" player_nametag="all|none,team,all" player_radarblip="team|none,team,all" player_information="true" player_start_armour="0" player_start_health="100" respawn="false" respawn_lives="0" respawn_time="0:05" spectate_enemy="false" stealth_killing="true" streetlamps="true" time="12:00" time_locked="false" time_minuteduration="1000" timeout_to_pause="false" vehicle_color="teamcolor|default,teamcolor" vehicle_per_player="2" vehicle_nametag="true" vehicle_radarblip="unoccupied|none,unoccupied,always" vehicle_respawn_blown="0:00" vehicle_respawn_idle="0:00" vehicle_tank_explodable="false" vote="true" vote_duration="0:20"></settings>
        <glitches quickreload="false" fastmove="true" fastfire="true" crouchbug="true" closedamage="true" hitanim="true"></glitches>
        <cheats hovercars="false" aircars="false" extrabunny="false" extrajump="false" magnetcars="false" knockoffbike="true"></cheats>
        <limites fps_limit="50" fps_minimal="0" ping_maximal="65536" packetloss_second="0" packetloss_total="0" warnings_fps="10" warnings_ping="10" warnings_packetloss="3"></limites>
        <mode name="dm" enable="true" player_radarblip="none|none,team,all" timelimit="10:00" spawnprotect="0:02" fraglimit="50"></mode>
        <mode name="derby" enable="true" player_radarblip="all|none,team,all" timelimit="30:00" type_play="individual|individual,teamplay" firewater="false" disable_weapons="false"></mode>
        <mode name="ctf" enable="true" flag_water_respawn="true" timelimit="10:00" flag_idle_respawn="1:00" respawn_time="0:05" spawnprotect="0:05" flag_speed="0.8" respawn="true" respawn_lives="0"></mode>
        <mode name="bomb" enable="true" timelimit="15:00" planting="0:05" spawnprotect="0:05" defusing="0:10" bombtimer="1:50"></mode>
        <mode name="zombie" enable="true" zombie_speed="1.2" zombie_regenerate="5" timelimit="10:00" spawnprotect="0:15" night="true"></mode>
        <mode name="bang" enable="true" player_radarblip="all|none,team,all" timelimit="10:00"></mode>
        <mode name="race" enable="true" type_play="individual|individual,teamplay" increase_checkpoints="4" respawn_time="0:05" respawn_lives="0" player_radarblip="all|none,team,all" timelimit="30:00" disable_weapons="true" respawn="true" finish="0:30"></mode>
        <mode name="hostage" enable="true" spawnprotect="0:05" timelimit="30:00" hostagekill="false"></mode>
        <mode name="lobby" enable="true" car="true" gun="true" player_radarblip="all|none,team,all"></mode>
        <mode name="fly" enable="true" player_radarblip="all|none,team,all" timelimit="10:00" spawn_into_plane="none|none,rustler,hydra,hunter,seasparrow,rc baron"></mode>
        <mode name="arena" enable="true" spawnprotect="0:05" timelimit="10:00"></mode>
        <mode name="base" enable="true" spawnprotect="0:15" timelimit="15:00" def_veh_jacking="false" capturing="0:20"></mode>
        <mode name="vip" enable="true" spawnprotect="0:05" timelimit="10:00"></mode>
    </settings>
    <mappack automatics="lobby|lobby,cycler,voting,random">
        <cycler resnames="[]"></cycler>
        <disabled resnames="[]"></disabled>
    </mappack>
    <vehiclepack models="[407,425,430,432,435,441,447,449,450,464,465,476,501,520,584,591,601,537,538,564,569,570,590,594,606,607,610,608,611]"></vehiclepack>
    <weather>
        <weather hour="0" sky="[0,23,24,0,31,32]" clouds="true" birds="false" sun="[255,128,0,5,0,0,0.00]" water="[85,85,65,240]" wave="0.5" level="0" wind="[0.16,0.15,0.00]" rain="0" heat="0" far="400.00" fog="100.00" effect="0"></weather>
        <weather hour="5" sky="[0,20,20,0,31,32]" clouds="true" birds="true" sun="[255,128,0,255,128,0,0.00]" water="[53,104,104,240]" wave="0.5" level="0" wind="[0.16,0.15,0.00]" rain="0" heat="0" far="400.00" fog="100.00" effect="0"></weather>
        <weather hour="6" sky="[90,205,255,200,144,85]" clouds="true" birds="true" sun="[255,128,0,255,128,0,8.40]" water="[90,170,170,240]" wave="0.5" level="0" wind="[0.16,0.15,0.00]" rain="0" heat="0" far="800.00" fog="100.00" effect="0"></weather>
        <weather hour="7" sky="[90,205,255,90,200,255]" clouds="true" birds="true" sun="[255,255,255,255,255,255,2.20]" water="[145,170,170,240]" wave="0.5" level="0" wind="[0.16,0.15,0.00]" rain="0" heat="0" far="800.00" fog="100.00" effect="0"></weather>
        <weather hour="12" sky="[68,117,210,36,117,199]" clouds="true" birds="true" sun="[255,255,255,255,255,255,1.10]" water="[90,170,170,240]" wave="0.5" level="0" wind="[0.16,0.15,0.00]" rain="0" heat="0" far="800.00" fog="10.00" effect="0"></weather>
        <weather hour="19" sky="[68,117,210,36,117,194]" clouds="true" birds="true" sun="[222,88,0,122,55,0,3.90]" water="[50,97,97,240]" wave="0.5" level="0" wind="[0.16,0.15,0.00]" rain="0" heat="0" far="800.00" fog="10.00" effect="0"></weather>
        <weather hour="20" sky="[181,150,84,167,108,65]" clouds="true" birds="true" sun="[255,128,0,255,128,0,2.00]" water="[67,67,67,240]" wave="0.5" level="0" wind="[0.16,0.15,0.00]" rain="0" heat="0" far="800.00" fog="10.00" effect="0"></weather>
        <weather hour="22" sky="[137,100,84,60,50,52]" clouds="true" birds="true" sun="[255,128,0,5,8,0,1.00]" water="[67,67,62,240]" wave="0.5" level="0" wind="[0.16,0.15,0.00]" rain="0" heat="0" far="800.00" fog="10.00" effect="0"></weather>
    </weather>
    <anticheat action_detection="chat|chat,adminchat,kick">
        <speedhach enable="true"></speedhach>
        <godmode enable="true"></godmode>
        <mods enable="true">
            <mod name="Animations" search="*.ifp" type="name"></mod>
            <mod name="Collisions" search="*.col" type="name"></mod>
        </mods>
    </anticheat>
</config>
