<config>
    <mappack automatics="cycler|lobby,cycler,voting,random">
        <cycler resnames="[&apos;arena_s41&apos;,&apos;arena_s41&apos;,&apos;arena_s42&apos;,&apos;arena_s42&apos;,&apos;arena_s43&apos;,&apos;arena_s43&apos;,&apos;arena_s44&apos;,&apos;arena_s44&apos;,&apos;arena_s45&apos;,&apos;arena_s45&apos;]"></cycler>
        <disabled resnames="[&apos;race-chiliadclimb&apos;,&apos;race-thepanopticon&apos;,&apos;race-sandking&apos;,&apos;race-seahunter&apos;,&apos;race-farewellmylove&apos;,&apos;race-errand&apos;,&apos;ctf-canals&apos;,&apos;race-smugglersrun&apos;,&apos;race-driftcity&apos;,&apos;race-badlandsblastaround&apos;,&apos;race-break&apos;,&apos;race-predatorzone&apos;,&apos;dm-canals&apos;,&apos;race-bayareacircuit&apos;,&apos;race-speedforweed&apos;,&apos;race-mx_sky&apos;,&apos;dm-arena1&apos;,&apos;race-airportspeedway&apos;,&apos;race-monsterblastaround&apos;,&apos;race-3lapdirtring&apos;,&apos;race-technicalitch&apos;,&apos;race-longwayround&apos;,&apos;race-apacheassault&apos;,&apos;race-desertdogfight&apos;,&apos;race-superhydrarace&apos;,&apos;race-10laphotring&apos;,&apos;race-bandito&apos;,&apos;race-awalkinthepark&apos;,&apos;race-dockbikes&apos;,&apos;race-miniputt&apos;,&apos;race-lvsprint&apos;,&apos;race-homeinthehills&apos;,&apos;race-justanotherbikerace&apos;,&apos;race-santosdrive&apos;,&apos;race-bobcatblastaround&apos;,&apos;race-rcwarz&apos;,&apos;race-suburbanspeedway&apos;,&apos;ctf-hydrastrike&apos;,&apos;race-freeroam&apos;,&apos;race-airportdogfight&apos;,&apos;race-stunt&apos;,&apos;dm-port69&apos;,&apos;race-chrmlhard&apos;,&apos;race-runway69&apos;,&apos;race-boatingblastaround&apos;,&apos;race-blowthedam&apos;,&apos;race-docksideblastaround&apos;,&apos;ctf-csitaly&apos;,&apos;race-sewers&apos;,&apos;race-wuzimu&apos;,&apos;race-sparrowstorm&apos;,&apos;race-seadragon&apos;,&apos;race-squalorace&apos;,&apos;race-specialdelivery&apos;,&apos;race-drift&apos;,&apos;race-sfbynight&apos;,&apos;race-5lap8track&apos;,&apos;race-dunebuggy&apos;,&apos;race-lstrenches&apos;,&apos;ctf-hideout_z&apos;,&apos;race-searustler&apos;,&apos;race-lsairport&apos;,&apos;race-offroadblastaround&apos;,&apos;race-quarryrun&apos;,&apos;race-bloodring&apos;,&apos;dm-smallville&apos;,&apos;race-island&apos;,&apos;race-destructionderby&apos;,&apos;race-midairmayhem&apos;,&apos;race-degenerationofx&apos;,&apos;race-chrmleasy&apos;,&apos;ctf-goldcove&apos;,&apos;ctf-tbd&apos;,&apos;race-vinewoodblastaround&apos;,&apos;race-rustlerrampage&apos;,&apos;ctf-sewer&apos;,&apos;race-farm2city&apos;,&apos;race-hydrarace&apos;,&apos;race-highnoon&apos;,&apos;ctf-bombsite&apos;,&apos;race-rcairwar&apos;,&apos;race-hotroute&apos;,&apos;race-findthecock&apos;]"></disabled>
    </mappack>
    <settings>
        <mode name="dm" player_radarblip="none|none,team,all" fraglimit="50" enable="true" timelimit="10:00" spawnprotect="0:02"></mode>
        <mode name="derby" player_radarblip="all|none,team,all" timelimit="30:00" enable="true" type_play="individual|individual,teamplay" firewater="false" disable_weapons="false"></mode>
        <mode name="ctf" flag_water_respawn="true" flag_idle_respawn="1:00" respawn_time="0:05" spawnprotect="0:05" flag_speed="0.8" respawn_lives="0" timelimit="10:00" respawn="true" enable="true"></mode>
        <mode name="bomb" timelimit="15:00" planting="0:05" enable="true" defusing="0:10" spawnprotect="0:05" bombtimer="1:50"></mode>
        <mode name="vip" enable="true" timelimit="10:00" spawnprotect="0:05"></mode>
        <mode name="bang" enable="true" timelimit="10:00" player_radarblip="all|none,team,all"></mode>
        <mode name="race" type_play="individual|individual,teamplay" increase_checkpoints="4" respawn_time="0:05" enable="true" respawn_lives="0" player_radarblip="all|none,team,all" timelimit="30:00" finish="0:30" respawn="true" disable_weapons="true"></mode>
        <mode name="hostage" spawnprotect="0:05" timelimit="30:00" enable="true" hostagekill="false"></mode>
        <mode name="lobby" enable="true" gun="true" car="true" player_radarblip="all|none,team,all"></mode>
        <mode name="fly" player_radarblip="all|none,team,all" timelimit="10:00" enable="true" spawn_into_plane="none|none,rustler,hydra,hunter,seasparrow,rc baron"></mode>
        <mode name="arena" enable="true" timelimit="2:00" spawnprotect="0:05"></mode>
        <mode name="base" timelimit="15:00" def_veh_jacking="false" spawnprotect="0:15" enable="true" capturing="0:20"></mode>
        <mode name="zombie" zombie_speed="1.2" timelimit="10:00" spawnprotect="0:15" enable="true" zombie_regenerate="5" night="true"></mode>
        <settings player_dead_visible="true" countdown_force="0:10" autoswap="true" gravity="0.008" timeout_to_pause="false" vehicle_respawn_idle="0:00" gamespeed="1.0" streetlamps="true" respawn_time="0:05" vote_duration="0:20" blurlevel="0" ghostmode="all|none,team,all" autobalance="false" player_can_driveby="true" player_start_health="100" vehicle_per_player="2" time="12:00" stealth_killing="true" friendly_fire="false" vehicle_color="teamcolor|default,teamcolor" respawn="false" time_minuteduration="1000" player_information="true" player_start_armour="0" player_nametag="team|none,team,all" dontfire="false" vehicle_tank_explodable="false" spectate_enemy="false" vehicle_respawn_blown="0:00" respawn_lives="0" player_radarblip="team|none,team,all" vote="true" heli_killing="true" countdown_start="3" time_locked="false" countdown_auto="true" vehicle_nametag="true" vehicle_radarblip="unoccupied|none,unoccupied,always"></settings>
        <glitches crouchbug="false" closedamage="false" fastmove="false" fastfire="false" quickreload="true" hitanim="false"></glitches>
        <cheats aircars="false" hovercars="false" magnetcars="false" extrabunny="false" extrajump="false" knockoffbike="false"></cheats>
        <limites fps_limit="70" ping_maximal="999" warnings_packetloss="999" packetloss_total="999" fps_minimal="0" packetloss_second="0" warnings_ping="10" warnings_fps="10"></limites>
    </settings>
    <teams>
        <referee name="Spector" color="[70,130,180]"></referee>
        <team side="1" name="Team1" skins="[10]" color="[244,244,0]"></team>
        <team side="2" name="Team2" skins="[11]" color="[255,255,255]"></team>
    </teams>
    <weaponpack slots="3">
        <weapons m4="1000" ak47="1000"></weapons>
        <balance></balance>
        <cost></cost>
        <slot molotov="8"></slot>
    </weaponpack>
    <vehiclepack models="[570,425,464,441,449,465,450,590,435,591,607,601,608,432,476,594,610,564,611,430,407,537,520,538,501,447,584,569,606]"></vehiclepack>
    <weather>
        <weather hour="0" wind="[0.16,0.15,0.00]" rain="0" far="300" fog="5" sky="[10,10,10,20,20,20]" clouds="true" birds="true" sun="[0,0,0,0,0,0,1.00]" water="[59,68,77,192]" wave="0" level="0" heat="0" effect="0"></weather>
        <weather hour="5" wind="[0.16,0.15,0.00]" rain="0" far="300" fog="5" sky="[10,10,10,20,20,20]" clouds="true" birds="true" sun="[0,0,0,0,0,0,0.00]" water="[59,68,77,192]" wave="0" level="0" heat="0" effect="0"></weather>
        <weather hour="6" wind="[0.16,0.15,0.00]" rain="0" far="300" fog="5" sky="[10,10,10,20,20,20]" clouds="true" birds="true" sun="[0,0,0,0,0,0,3.40]" water="[62,72,77,192]" wave="0" level="0" heat="0" effect="0"></weather>
        <weather hour="7" wind="[0.16,0.15,0.00]" rain="0" far="300" fog="5" sky="[40,40,40,50,50,50]" clouds="true" birds="true" sun="[0,0,0,0,0,0,2.50]" water="[107,117,122,192]" wave="0" level="0" heat="0" effect="0"></weather>
        <weather hour="12" wind="[0.00,0.00,0.00]" rain="0" far="300" fog="5" sky="[80,80,80,70,70,70]" clouds="true" birds="true" sun="[0,0,0,0,0,0,1.00]" water="[141,141,140,255]" wave="0" level="0" heat="0" effect="0"></weather>
        <weather hour="19" wind="[0.16,0.15,0.00]" rain="0" far="300" fog="5" sky="[80,80,80,70,70,70]" clouds="true" birds="true" sun="[0,0,0,0,0,0,3.50]" water="[116,135,144,192]" wave="0" level="0" heat="0" effect="0"></weather>
        <weather hour="20" wind="[0.16,0.15,0.00]" rain="0" far="300" fog="5" sky="[40,40,40,70,70,70]" clouds="true" birds="true" sun="[0,0,0,0,0,0,2.00]" water="[132,176,189,192]" wave="0" level="0" heat="0" effect="0"></weather>
        <weather hour="22" wind="[0.16,0.15,0.00]" rain="0" far="300" fog="5" sky="[40,40,40,50,50,50]" clouds="true" birds="true" sun="[0,0,0,0,0,0,1.00]" water="[161,176,189,192]" wave="0" level="0" heat="0" effect="0"></weather>
    </weather>
</config>
